{
  "version": "5",
  "dialect": "sqlite",
  "id": "0f63cd66-18a1-45b9-9be0-4cd60b646292",
  "prevId": "5906137c-db0c-4bc8-85aa-db0208f9afb0",
  "tables": {
    "user": {
      "name": "user",
      "columns": {
        "user_id": {
          "name": "user_id",
          "type": "text",
          "primaryKey": true,
          "notNull": true,
          "autoincrement": false
        },
        "balance": {
          "name": "balance",
          "type": "integer",
          "primaryKey": false,
          "notNull": false,
          "autoincrement": false
        },
        "last_daily": {
          "name": "last_daily",
          "type": "integer",
          "primaryKey": false,
          "notNull": false,
          "autoincrement": false
        },
        "last_monthly": {
          "name": "last_monthly",
          "type": "integer",
          "primaryKey": false,
          "notNull": false,
          "autoincrement": false
        },
        "last_yearly": {
          "name": "last_yearly",
          "type": "integer",
          "primaryKey": false,
          "notNull": false,
          "autoincrement": false
        }
      },
      "indexes": {},
      "foreignKeys": {},
      "compositePrimaryKeys": {},
      "uniqueConstraints": {}
    }
  },
  "enums": {},
  "_meta": {
    "schemas": {},
    "tables": {},
    "columns": {
      "\"user\".\"last_weekly\"": "\"user\".\"last_yearly\""
    }
  }
}