{
  "version": "5",
  "dialect": "sqlite",
  "id": "a8726558-7aca-4666-96a4-5844d7cfbed0",
  "prevId": "0f63cd66-18a1-45b9-9be0-4cd60b646292",
  "tables": {
    "user": {
      "name": "user",
      "columns": {
        "user_id": {
          "name": "user_id",
          "type": "text",
          "primaryKey": true,
          "notNull": true,
          "autoincrement": false
        },
        "balance": {
          "name": "balance",
          "type": "integer",
          "primaryKey": false,
          "notNull": false,
          "autoincrement": false
        },
        "last_daily": {
          "name": "last_daily",
          "type": "integer",
          "primaryKey": false,
          "notNull": false,
          "autoincrement": false
        }
      },
      "indexes": {},
      "foreignKeys": {},
      "compositePrimaryKeys": {},
      "uniqueConstraints": {}
    }
  },
  "enums": {},
  "_meta": {
    "schemas": {},
    "tables": {},
    "columns": {}
  }
}