{
  "version": "5",
  "dialect": "sqlite",
  "id": "072e053a-990a-46a9-81f6-c57e842c6e9a",
  "prevId": "a8726558-7aca-4666-96a4-5844d7cfbed0",
  "tables": {
    "user": {
      "name": "user",
      "columns": {
        "user_id": {
          "name": "user_id",
          "type": "text",
          "primaryKey": true,
          "notNull": true,
          "autoincrement": false
        },
        "balance": {
          "name": "balance",
          "type": "integer",
          "primaryKey": false,
          "notNull": false,
          "autoincrement": false
        },
        "last_daily": {
          "name": "last_daily",
          "type": "integer",
          "primaryKey": false,
          "notNull": false,
          "autoincrement": false
        },
        "last_monthly": {
          "name": "last_monthly",
          "type": "integer",
          "primaryKey": false,
          "notNull": false,
          "autoincrement": false
        },
        "last_yearly": {
          "name": "last_yearly",
          "type": "integer",
          "primaryKey": false,
          "notNull": false,
          "autoincrement": false
        }
      },
      "indexes": {},
      "foreignKeys": {},
      "compositePrimaryKeys": {},
      "uniqueConstraints": {}
    }
  },
  "enums": {},
  "_meta": {
    "schemas": {},
    "tables": {},
    "columns": {}
  }
}